{
  "hash": "34ccfcf1",
  "configHash": "48209372",
  "lockfileHash": "c82dd6cb",
  "browserHash": "dffdc477",
  "optimized": {
    "@angular/common/http": {
      "src": "../../../../../node_modules/@angular/common/fesm2022/http.mjs",
      "file": "@angular_common_http.js",
      "fileHash": "3ed26d58",
      "needsInterop": false
    },
    "@angular/core": {
      "src": "../../../../../node_modules/@angular/core/fesm2022/core.mjs",
      "file": "@angular_core.js",
      "fileHash": "3eb005d7",
      "needsInterop": false
    },
    "@angular/fire/compat": {
      "src": "../../../../../node_modules/@angular/fire/fesm2022/angular-fire-compat.mjs",
      "file": "@angular_fire_compat.js",
      "fileHash": "06afa997",
      "needsInterop": false
    },
    "@angular/fire/compat/auth": {
      "src": "../../../../../node_modules/@angular/fire/fesm2022/angular-fire-compat-auth.mjs",
      "file": "@angular_fire_compat_auth.js",
      "fileHash": "9fa412cb",
      "needsInterop": false
    },
    "@angular/forms": {
      "src": "../../../../../node_modules/@angular/forms/fesm2022/forms.mjs",
      "file": "@angular_forms.js",
      "fileHash": "f18186aa",
      "needsInterop": false
    },
    "@angular/material/button": {
      "src": "../../../../../node_modules/@angular/material/fesm2022/button.mjs",
      "file": "@angular_material_button.js",
      "fileHash": "7d082319",
      "needsInterop": false
    },
    "@angular/material/card": {
      "src": "../../../../../node_modules/@angular/material/fesm2022/card.mjs",
      "file": "@angular_material_card.js",
      "fileHash": "6fd06452",
      "needsInterop": false
    },
    "@angular/material/form-field": {
      "src": "../../../../../node_modules/@angular/material/fesm2022/form-field.mjs",
      "file": "@angular_material_form-field.js",
      "fileHash": "5da002d1",
      "needsInterop": false
    },
    "@angular/material/grid-list": {
      "src": "../../../../../node_modules/@angular/material/fesm2022/grid-list.mjs",
      "file": "@angular_material_grid-list.js",
      "fileHash": "a31753bc",
      "needsInterop": false
    },
    "@angular/material/icon": {
      "src": "../../../../../node_modules/@angular/material/fesm2022/icon.mjs",
      "file": "@angular_material_icon.js",
      "fileHash": "7fa2e9b2",
      "needsInterop": false
    },
    "@angular/material/input": {
      "src": "../../../../../node_modules/@angular/material/fesm2022/input.mjs",
      "file": "@angular_material_input.js",
      "fileHash": "e8caaf4b",
      "needsInterop": false
    },
    "@angular/platform-browser": {
      "src": "../../../../../node_modules/@angular/platform-browser/fesm2022/platform-browser.mjs",
      "file": "@angular_platform-browser.js",
      "fileHash": "085d30e8",
      "needsInterop": false
    },
    "@angular/platform-browser/animations/async": {
      "src": "../../../../../node_modules/@angular/platform-browser/fesm2022/animations/async.mjs",
      "file": "@angular_platform-browser_animations_async.js",
      "fileHash": "c4109b69",
      "needsInterop": false
    },
    "@angular/router": {
      "src": "../../../../../node_modules/@angular/router/fesm2022/router.mjs",
      "file": "@angular_router.js",
      "fileHash": "c6aa91c5",
      "needsInterop": false
    },
    "alertifyjs": {
      "src": "../../../../../node_modules/alertifyjs/build/alertify.js",
      "file": "alertifyjs.js",
      "fileHash": "adb8129f",
      "needsInterop": true
    },
    "rxjs": {
      "src": "../../../../../node_modules/rxjs/dist/esm5/index.js",
      "file": "rxjs.js",
      "fileHash": "3c97cac9",
      "needsInterop": false
    }
  },
  "chunks": {
    "index.esm-LLPOIY2M": {
      "file": "index__esm-LLPOIY2M.js"
    },
    "browser-WEIH5MQ3": {
      "file": "browser-WEIH5MQ3.js"
    },
    "chunk-PVHREAWZ": {
      "file": "chunk-PVHREAWZ.js"
    },
    "chunk-6L3SCAIW": {
      "file": "chunk-6L3SCAIW.js"
    },
    "chunk-MNBC3XDZ": {
      "file": "chunk-MNBC3XDZ.js"
    },
    "chunk-ESZRU4QG": {
      "file": "chunk-ESZRU4QG.js"
    },
    "chunk-YCT2PS64": {
      "file": "chunk-YCT2PS64.js"
    },
    "chunk-CW5RQRCQ": {
      "file": "chunk-CW5RQRCQ.js"
    },
    "chunk-3IPN7AQJ": {
      "file": "chunk-3IPN7AQJ.js"
    },
    "chunk-VCGHKTGM": {
      "file": "chunk-VCGHKTGM.js"
    },
    "chunk-3S7TUQR7": {
      "file": "chunk-3S7TUQR7.js"
    },
    "chunk-HNXP346A": {
      "file": "chunk-HNXP346A.js"
    },
    "chunk-TFGUMWD4": {
      "file": "chunk-TFGUMWD4.js"
    },
    "chunk-LQ7JEHJ2": {
      "file": "chunk-LQ7JEHJ2.js"
    },
    "chunk-LHRTKJE6": {
      "file": "chunk-LHRTKJE6.js"
    },
    "chunk-JN3CWD3G": {
      "file": "chunk-JN3CWD3G.js"
    }
  }
}